ICURSO,NCURSO,ITEMA,DESCRIPCION,IDRIVER,BACTIVO,BGENERACERTIFICADO,IUSUARIOCRE,IAPPCRE,IPCRE,FHCRE,IUSUARIOULT,IAPPULT,IPULT,FHULT
202,202,,,,1,0,,,,2026-04-08T14:22:57.043Z,,,,2026-04-08T14:22:57.043Z
ACT-CP2022,Proceso de actualización del sistema ContaPyme®,,Mantenga su sistema al día: Actualice súper fácil su ContaPyme® en tan solo tres pasos.,2,1,0,,,,2026-04-08T14:22:57.043Z,,,,2026-04-08T14:22:57.043Z
ACT-TRIB23,Curso virtual: Actualización Tributaria 2023,,"<p>Temática: 1. Los principales impactos de la reforma tributaria sobre las personas jurídicas y naturales, en materia de impuesto sobre la renta, impuesto al patrimonio, dividendos y ganancias ocasionales. 2. Las modificaciones al régimen simple. 3. El procedimiento tributario. 4. Las sanciones que se pueden presentar. 5. Los delitos tributarios. 6. Las amnistías.</p>",2,1,0,,,,2026-04-08T14:22:57.043Z,35,,181.59.225.2,2026-04-29T17:27:42.132Z
ACT-TRIB24,Curso virtual: Actualización Tributaria 2024,,"<p>Temática: 1. Principales obligaciones tributarias, contables y laborales del año 2024. 2. Cambios a considerar en el régimen simple de tributación. 3. Nueva resolución de documentos electrónicos. 4. Cambios en la tributación de dividendos, impuesto al patrimonio y declaración de renta de personas naturales. 5. Tasa mínima de tributación para personas jurídicas.</p>",2,1,0,,,,2026-04-08T14:22:57.043Z,35,,181.143.252.154,2026-04-28T14:26:46.008Z
ACTCAP821,Actualícese: Mantenga su sistema al día,,"Actualícese super fácil

Aprenda con los expertos como mantener su sistema actualizado y cumpliendo con todos los requerimientos exigidos por la DIAN.",2,1,0,,,,2026-04-08T14:22:57.043Z,,,,2026-04-08T14:22:57.043Z
ADMIN-001,Administración de bodegas,TEMA-LOG,Curso introductorio para personal de bodega,0,1,0,35,,127.0.0.1,2026-04-30T12:11:01.921Z,35,,127.0.0.1,2026-04-30T12:11:01.921Z
AFADETE,Curso Virtual :Analisis Financiero: el arte de entender tu empresa,,"Temática de la sesión:
1- Entiende tus estados financieros
Comprende la estructura de tus activos, pasivos, ingresos y gastos para tomar decisiones más estratégicas.

2- Analiza la rentabilidad y los costos con claridad
Identifica dónde se concentran tus mayores egresos y cómo impactan en los márgenes del negocio.

3- Compara períodos y detecta tendencias
Evalúa si tu empresa está mejor que antes o si hay señales de alerta que requieren atención.

4- ¿Crecimiento o riesgo de iliquidez?
Evalúa si tu empresa está mejor que antes o si hay señales de alerta que requieren atención.

5- Herramientas prácticas para analizar tu información financiera
Aprende a organizar, interpretar y visualizar tus cifras con mayor facilidad

6- Solución de dudas en vivo
Aclara tus dudas en vivo con nuestros expertos.
",2,1,0,,,,2026-04-08T14:22:57.043Z,,,,2026-04-08T14:22:57.043Z
ANPP261125,Curso virtual: Actualización NIIF para Pymes,,"Temática de la sesión:
1- Nuevos instrumentos financieros
2- Reconocimiento de ingresos - NIIF 15
3- Casos prácticos de implementación
",2,1,0,,,,2026-04-08T14:22:57.043Z,,,,2026-04-08T14:22:57.043Z
AW40JCV917,Capacitación AgroWin Septiembre 2017,,Este curso incluye videos de capacitación de los módulos del sistema AgroWin,2,1,0,,,,2026-04-08T14:22:57.043Z,,,,2026-04-08T14:22:57.043Z
AW40MOD100,Introducción a AgroWin,,,1,1,1,,,,2026-04-08T14:22:57.043Z,35,,181.53.99.105,2026-04-23T22:59:50.353Z
AW40MOD110,Creación de la finca,,,1,1,0,,,,2026-04-08T14:22:57.043Z,,,,2026-04-08T14:22:57.043Z
AW40MOD120,Introducción preliminar a costos,,,1,1,0,,,,2026-04-08T14:22:57.043Z,35,,181.53.99.105,2026-05-01T10:10:41.590Z
AW40MOD130,Actividades y labores,,,1,1,0,,,,2026-04-08T14:22:57.043Z,,,,2026-04-08T14:22:57.043Z
AW40MOD140,Insumos y materiales,,,1,1,0,,,,2026-04-08T14:22:57.043Z,,,,2026-04-08T14:22:57.043Z
AW40MOD150,Maquinaria y equipo,,,1,1,0,,,,2026-04-08T14:22:57.043Z,,,,2026-04-08T14:22:57.043Z
AW40MOD160,Metodologías de costos - AgroWin,,,1,1,0,,,,2026-04-08T14:22:57.043Z,,,,2026-04-08T14:22:57.043Z
AW40MOD170,Metodología de costos parciales - Contabilidad simplificada,,,1,1,0,,,,2026-04-08T14:22:57.043Z,,,,2026-04-08T14:22:57.043Z
AW40MOD180,Manejo de la producción - Contabilidad simplificada,,,1,1,0,,,,2026-04-08T14:22:57.043Z,,,,2026-04-08T14:22:57.043Z
AW40MOD190,Cultivos transitorios - Contabilidad simplificada,,,1,1,0,,,,2026-04-08T14:22:57.043Z,,,,2026-04-08T14:22:57.043Z
AW40MOD200,Cultivos perennes - Contabilidad simplificada,,,1,1,0,,,,2026-04-08T14:22:57.043Z,,,,2026-04-08T14:22:57.043Z
AW40MOD210,Metodología de costos totales - Contabilidad de costos,,,1,1,0,,,,2026-04-08T14:22:57.043Z,,,,2026-04-08T14:22:57.043Z
AW40MOD220,Manejo de la producción - Contabilidad de costos,,,1,1,0,,,,2026-04-08T14:22:57.043Z,,,,2026-04-08T14:22:57.043Z
AW40MOD230,Tratamiento de costos directos - Contabilidad de costos,,,1,1,0,,,,2026-04-08T14:22:57.043Z,,,,2026-04-08T14:22:57.043Z
AW40MOD240,Costeo de maquinaria y equipo,,,1,1,0,,,,2026-04-08T14:22:57.043Z,,,,2026-04-08T14:22:57.043Z
AW40MOD250,Cultivos transitorios - Contabilidad de costos,,,1,1,0,,,,2026-04-08T14:22:57.043Z,,,,2026-04-08T14:22:57.043Z
AW40MOD260,Cultivos perennes - Contabilidad de costos,,,1,1,0,,,,2026-04-08T14:22:57.043Z,,,,2026-04-08T14:22:57.043Z
AW4JC09-16,AgroWin 4.0 - Jornada de capacitación virtual ,,,2,1,0,,,,2026-04-08T14:22:57.043Z,,,,2026-04-08T14:22:57.043Z
BAS_XSPLIT,Curso básico de XSplit,,Este curso enseña de forma básica el funcionamiento y diferentes componentes que forman la aplicación XSplit.,2,1,0,,,,2026-04-08T14:22:57.043Z,,,,2026-04-08T14:22:57.043Z
CAPCPR8,Capacitaciones ContaPyme R8,,Jornadas de capacitación en manejo de ContaPyme Release 8,2,1,0,,,,2026-04-08T14:22:57.043Z,,,,2026-04-08T14:22:57.043Z
CAPCPR8DIS,Capacitación R8 Distribuidores.,,Videos de capacitación de las nuevas funcionalidades de ContaPyme R8,2,1,0,,,,2026-04-08T14:22:57.043Z,,,,2026-04-08T14:22:57.043Z
CAPINTERNA,Capacitaciones Internas InSoft,,Este curso contiene las capacitaciones internas que se realizan con los empleados de InSoft,2,1,0,,,,2026-04-08T14:22:57.043Z,,,,2026-04-08T14:22:57.043Z
CCCONSCONT,Consultorio contable de preguntas - Presentación de los Medios Magnéticos ,,Ene ste video se resuelven todas las dudas e inquietudes relacionadas con la presentación de los Medios Magnéticos ante la DIAN correspondientes al año gravable 2016.,2,1,0,,,,2026-04-08T14:22:57.043Z,,,,2026-04-08T14:22:57.043Z
CCDECREN17,"Declaración de renta, un enfoque para personas naturales",,Curso realizado por la Comunidad ContaPyme para dar a conocer los nuevos cambios que trajo la nueva Reforma tributaria. ,2,1,0,,,,2026-04-08T14:22:57.043Z,,,,2026-04-08T14:22:57.043Z
CCMEDMAG16,Medios magnéticos año gravable 2016,,Este curso incluye videos que explican las actualizaciones y novedades para la generación de la información exógena ante la DIAN del año 2016 a presentar en el año 2017. ,2,1,0,,,,2026-04-08T14:22:57.043Z,,,,2026-04-08T14:22:57.043Z
CCNIIFSF,NIIF Súper fáciles ¿Cómo vamos?,,En este curso se incluyen videos de cursos virtuales de la comunidad ContaPyme referentes a las NIIF,2,1,0,,,,2026-04-08T14:22:57.043Z,,,,2026-04-08T14:22:57.043Z
CCNIIFSF18,Comunidad ContaPyme 2018,,En este curso se incluyen los videos sobre NIIF de la comunidad ContaPyme dictados en el año 2018,2,1,0,,,,2026-04-08T14:22:57.043Z,,,,2026-04-08T14:22:57.043Z
CCNIIFSF19,Comunidad ContaPyme 2019,,En este curso se incluyen los videos de la comunidad ContaPyme dictados en el año 2019,2,1,0,,,,2026-04-08T14:22:57.043Z,,,,2026-04-08T14:22:57.043Z
CCNIIFSF20,Comunidad ContaPyme 2020.,,Videos transmitidos de la comunidad ContaPyme® el 2020.,2,1,0,,,,2026-04-08T14:22:57.043Z,,,,2026-04-08T14:22:57.043Z
CCNIIFSP19,Creditos al encargado de la sala-virtual 2018,,"En este campo escribir una breve descripciòn del para que sirve este curso, y que se puede agregar en el.",2,1,0,,,,2026-04-08T14:22:57.043Z,,,,2026-04-08T14:22:57.043Z
CCREFTRIMF,Reforma tributaria - Más fácil,,Este curso  explica los nuevos cambios que trajo la nueva Reforma Tributaria para personas naturales y jurídicas con la entrada en vigencia de la Ley 1819 de 2016.,2,1,0,,,,2026-04-08T14:22:57.043Z,,,,2026-04-08T14:22:57.043Z
CCYF021225,Curso virtual: Cierre de año contable y fiscal,,"Temática de la sesión:

? Conciliación fiscal 2025 bajo nuevos estándares
? Provisiones de nómina, prestaciones y cierre
? Ajustes de inventario y activos fijos
? Preparación de estados financieros con NIIF actualizadas
? Checklist de cumplimiento tributario para evitar sanciones
? Estrategias de cierre para arrancar 2026 con éxito
",2,1,0,,,,2026-04-08T14:22:57.043Z,,,,2026-04-08T14:22:57.043Z
CEI180226,Curso virtual: Control Estratégico de Inventarios,,"Temática de la sesión:

1-  Medición Inicial de Inventarios: El Primer Paso Crítico
2- Métodos de Asignación de Costos
3- Sistemas de Control: Inventario Permanente vs Periódico
4- Deterioro de Inventarios: Protege tu Capital de Trabajo
5- Control Físico e Integración con Sistemas",2,1,0,,,,2026-04-08T14:22:57.043Z,,,,2026-04-08T14:22:57.043Z
CGINVE2022,Control y gestión moderna de inventarios,,"Temática:

1- ¿Qué es la gestión de inventarios y cómo se debe realizar?
2- ¿Por qué es importante la gestión de inventario?
3- Beneficios de una administración eficiente de inventarios
4- Proceso para la generación de un Inventario
5- Sistemas de gestión de inventarios
6- ¿Cómo funciona el software de gestión de inventarios?",2,1,0,,,,2026-04-08T14:22:57.043Z,,,,2026-04-08T14:22:57.043Z
CIERREC-24,Curso virtual Cierre Contable: De la teoría a la práctica,,"Temática de la sesión 1:

1- Reconocimiento de pérdidas fiscales y su compensación.
2- Exceso de renta no gravable para periodos futuros.
3- Deterioro de cartera y provisión fiscal.
4- Deterioro de inventario y disminución fiscal.
5- Activos y pasivos en moneda extranjera y efectos por diferencia en cambio.
6- Provisiones contables (Devoluciones, desmantelamiento, garantías, litigios).
7- ¿Cómo se hace en ContaPyme?


Temática de la sesión 2:

1- Lease-Back.
2- Ajuste al valor razonable con efectos en resultados y ORI (Incluye impuesto diferido).
3- Venta de activos fijos con más o menor a dos años.
4- Activos fijos adquiridos antes de 2016 y posterior a 2017.
5- Deterioro de activos fijos (Valor recuperable).
6- Corrección de errores y hechos posteriores al cierre.
7- ¿Cómo se hace en ContaPyme?",2,1,0,,,,2026-04-08T14:22:57.043Z,,,,2026-04-08T14:22:57.043Z
CIERREF-23,Cierre Fiscal sin estrés: Claves para el éxito,,"Sesión 1:

- Revisión del Balance de Prueba.
- Revisión del Efectivo y Equivalentes: conciliaciones.
- Diferencias en Instrumentos Financieros: Inversiones, Préstamos, Cuentas por Cobrar y Pagar.
- Deterioro de Instrumentos Financieros: Inversiones y Cartera.
- Préstamos a Socios: Anticipos y utilidades.
- Diferencias en Inventarios y Deterioro.
- Diferencias en Reconocimiento de Ingresos.
- Devoluciones en Ventas durante y posterior al cierre.
- Ingresos versus Facturación.
- ¿Cómo hacerlo fácil con ContaPyme?


Sesión 2:

- Diferencias en Propiedad, Planta y Equipo.
- Revaluación de Activos y Reajuste Fiscal.
- Obsolescencia y Baja de Activos.
- Desmantelamiento.
- Diferencias en Propiedades de Inversión.
- Diferencias en Diferidos, Prepagos e Intangibles.
- Provisiones.
- Reclasificaciones de Activos y Pasivos.
- Arrendamiento Financiero y Operativo.
- Conciliación Fiscal y Diferencias.
- ¿Cómo hacerlo fácil con ContaPyme?",2,1,0,,,,2026-04-08T14:22:57.043Z,,,,2026-04-08T14:22:57.043Z
CONFIMP921,Configure sus impuestos en ContaPyme® según lineamientos DIAN.,,Live para resolver inquietudes y apoyar el proceso de configuración de sus impuestos en ContaPyme. a partir de  anexo técnico 1.8 DIAN.,2,1,0,,,,2026-04-08T14:22:57.043Z,,,,2026-04-08T14:22:57.043Z
CP_EXO321,¿Cómo presentar su información exógena?,,"1. Información exógena para la DIAN en medios electrónicos.

2. Consistencia fiscal de la información contable, estados financieros, declaraciones tributarias en la preparación de la información en medios digitales. 

3. Casos prácticos.

4. Procedimiento y jurisprudencia relacionados con el reporte de información en medios electrónicos.

5. Aseguramiento de la información relacionados con el envío de información en medios electrónicos.

6. Régimen sancionatorio. ",2,1,0,,,,2026-04-08T14:22:57.043Z,,,,2026-04-08T14:22:57.043Z
CP_NE221,"Nómina electrónica ¿qué, cómo y cuándo?",,,2,1,0,,,,2026-04-08T14:22:57.043Z,,,,2026-04-08T14:22:57.043Z
CP40MOD005,Configuración e Instalación,,,1,1,0,,,,2026-04-08T14:22:57.043Z,,,,2026-04-08T14:22:57.043Z
CP40MOD010,Sistema básico,,,1,1,0,,,,2026-04-08T14:22:57.043Z,,,,2026-04-08T14:22:57.043Z
CP40MOD020,Contabilidad básica,,,1,1,0,,,,2026-04-08T14:22:57.043Z,,,,2026-04-08T14:22:57.043Z
CP40MOD025,"Políticas contables, notas y revelaciones",,,1,1,0,,,,2026-04-08T14:22:57.043Z,,,,2026-04-08T14:22:57.043Z
CP40MOD030,Contabilidad - Cálculo automático impuestos,,,1,1,0,,,,2026-04-08T14:22:57.043Z,,,,2026-04-08T14:22:57.043Z
CP40MOD040,Contabilidad - Configuración informes tributarios,,,1,1,0,,,,2026-04-08T14:22:57.043Z,,,,2026-04-08T14:22:57.043Z
CP40MOD050,Contabilidad - Flujos de efectivo - Método Directo,,,1,1,0,,,,2026-04-08T14:22:57.043Z,,,,2026-04-08T14:22:57.043Z
CP40MOD060,Contabilidad - Conciliación bancaria manual,,,1,1,0,,,,2026-04-08T14:22:57.043Z,,,,2026-04-08T14:22:57.043Z
CP40MOD070,Contabilidad - Generación información exógena,,,1,1,0,,,,2026-04-08T14:22:57.043Z,,,,2026-04-08T14:22:57.043Z
CP40MOD075,Contabilidad - Impuestos y monedas,,,1,1,0,,,,2026-04-08T14:22:57.043Z,,,,2026-04-08T14:22:57.043Z
CP40MOD080,Cartera y proveedores,,,1,1,0,,,,2026-04-08T14:22:57.043Z,,,,2026-04-08T14:22:57.043Z
CP40MOD085,Contabilidad - Medios y políticas,,,1,1,0,,,,2026-04-08T14:22:57.043Z,,,,2026-04-08T14:22:57.043Z
CP40MOD090,Automatización de documentos,,,1,1,0,,,,2026-04-08T14:22:57.043Z,,,,2026-04-08T14:22:57.043Z
CP40MOD091,Costos de producción,,"Capacitación en el manejo del módulo de costos en el software ContaPyme® y AgroWin®. Conozca los conceptos teóricos del manejo de costos de producción como los términos, su clasificación y la metodología de costos. Comprenda también la parametrización correcta del módulo y visualice algunos ejemplos prácticos.",1,1,0,,,,2026-04-08T14:22:57.043Z,,,,2026-04-08T14:22:57.043Z
CP40MOD092,Facturación Electrónica en ContaPyme®,,"Aprenda a utilizar la facturación electrónica de manera efectiva con este curso virtual, desde los conceptos básicos hasta los detalles técnicos, incluyendo el proceso de habilitación ante la DIAN; cubrimos todo lo que necesita saber para implementar esta herramienta en su empresa.",1,1,0,,,,2026-04-08T14:22:57.043Z,,,,2026-04-08T14:22:57.043Z
CP40MOD093,Nómina contable,,,1,1,0,,,,2026-04-08T14:22:57.043Z,,,,2026-04-08T14:22:57.043Z
CP40MOD094,Capacitación Nómina y Nómina Electrónica,,,1,1,0,,,,2026-04-08T14:22:57.043Z,,,,2026-04-08T14:22:57.043Z
CP40MOD095,Componentes comunes de las operaciones,,,1,1,0,,,,2026-04-08T14:22:57.043Z,,,,2026-04-08T14:22:57.043Z
CP40MOD096,Facturación Electrónica para POS,,"Aprenda a configurar y a utilizar la Facturación Electrónica para puntos de venta POS, de manera efectiva con este curso virtual. Comprenda desde los pasos iniciales de activación hasta la configuración en el sistema ContaPyme® y AgroWin®. Cubrimos todo lo que necesita saber para implementar esta herramienta en su empresa.",1,1,0,,,,2026-04-08T14:22:57.043Z,,,,2026-04-08T14:22:57.043Z
CP40MOD100,Presupuesto y Ejecución presupuestal,,,1,1,0,,,,2026-04-08T14:22:57.043Z,,,,2026-04-08T14:22:57.043Z
CP40MOD110,Activos fijos,,,1,1,0,,,,2026-04-08T14:22:57.043Z,,,,2026-04-08T14:22:57.043Z
CP40MOD120,Conciliación bancaria automática,,,1,1,0,,,,2026-04-08T14:22:57.043Z,,,,2026-04-08T14:22:57.043Z
CP40MOD130,Inventarios gestión básica,,,1,1,0,,,,2026-04-08T14:22:57.043Z,,,,2026-04-08T14:22:57.043Z
CP40MOD135,IVA como mayor valor en inventarios,,,1,1,0,,,,2026-04-08T14:22:57.043Z,,,,2026-04-08T14:22:57.043Z
CP40MOD140,Inventarios gestión comercial,,,1,1,0,,,,2026-04-08T14:22:57.043Z,,,,2026-04-08T14:22:57.043Z
CP40MOD150,Inventarios punto de venta,,,1,1,0,,,,2026-04-08T14:22:57.043Z,,,,2026-04-08T14:22:57.043Z
CP40MOD160,Inventarios comisiones,,,1,1,0,,,,2026-04-08T14:22:57.043Z,,,,2026-04-08T14:22:57.043Z
CP40MOD170,Inventarios plus,,,1,1,0,,,,2026-04-08T14:22:57.043Z,,,,2026-04-08T14:22:57.043Z
CP40MOD180,Introducción preliminar a costos,,,1,1,0,,,,2026-04-08T14:22:57.043Z,,,,2026-04-08T14:22:57.043Z
CP40MOD185,Metodologías de costos,,,1,1,0,,,,2026-04-08T14:22:57.043Z,,,,2026-04-08T14:22:57.043Z
CP40MOD190,Insumos y materiales,,,1,1,0,,,,2026-04-08T14:22:57.043Z,,,,2026-04-08T14:22:57.043Z
CP40MOD210,Manejo de la producción,,,1,1,0,,,,2026-04-08T14:22:57.043Z,,,,2026-04-08T14:22:57.043Z
CP40MOD230,Actividades y labores,,,1,1,0,,,,2026-04-08T14:22:57.043Z,,,,2026-04-08T14:22:57.043Z
CP40MOD250,Tratamiento de costos indirectos,,,1,1,0,,,,2026-04-08T14:22:57.043Z,,,,2026-04-08T14:22:57.043Z
CP40MOD270,Costeo por líneas de producción,,,1,1,0,,,,2026-04-08T14:22:57.043Z,,,,2026-04-08T14:22:57.043Z
CP40MOD280,Costeo por ordenes de producción,,,1,1,0,,,,2026-04-08T14:22:57.043Z,,,,2026-04-08T14:22:57.043Z
CP40MOD290,Costeo por ordenes de trabajo,,,1,1,0,,,,2026-04-08T14:22:57.043Z,,,,2026-04-08T14:22:57.043Z
CP40MOD320,Costeo de maquinaria y equipo,,,1,1,0,,,,2026-04-08T14:22:57.043Z,,,,2026-04-08T14:22:57.043Z
CP40MOD330,Capacitación: Recepción de documentos en ContaPyme®,,Comprenda los conceptos básicos de facturas electrónicas de venta como título valor y el manejo correcto de la recepción de documentos electrónicos (Resolución 00085 de abril de 2022). Aprenda el proceso a realizar dentro del portal DIAN para implementar este servicio y sus configuraciones dentro del software ContaPyme®.,1,1,0,,,,2026-04-08T14:22:57.043Z,,,,2026-04-08T14:22:57.043Z
CP40MOD340,Capacitación: Documento soporte a no obligados a facturar,,"Conozca su definición, quienes deben generarlo y la diferencia con el servicio de recepción de facturas de compra y eventos electrónicos. Comprenda el proceso a realizar dentro del portal DIAN para implementarlo y su configuración dentro del software ContaPyme®. Visualice mediante ejemplos prácticos cómo se genera este documento y su nota de ajuste.",1,1,0,,,,2026-04-08T14:22:57.043Z,,,,2026-04-08T14:22:57.043Z
CP40MOD350,Usuarios y perfiles de seguridad,,,1,1,0,,,,2026-04-08T14:22:57.043Z,,,,2026-04-08T14:22:57.043Z
CP40MOD360,Diseñador de documentos,,,1,1,0,,,,2026-04-08T14:22:57.043Z,,,,2026-04-08T14:22:57.043Z
CP40MOD370,Sincronización entre sucursales,,,1,1,0,,,,2026-04-08T14:22:57.043Z,,,,2026-04-08T14:22:57.043Z
CP40MOD380,ContaExcel,,,1,1,0,,,,2026-04-08T14:22:57.043Z,,,,2026-04-08T14:22:57.043Z
CP40MOD385,ContaExcel Add-In,,,1,1,0,,,,2026-04-08T14:22:57.043Z,,,,2026-04-08T14:22:57.043Z
CP40MOD390,Indicadores empresariales y por centros de costos,,,1,1,0,,,,2026-04-08T14:22:57.043Z,,,,2026-04-08T14:22:57.043Z
CP40MOD420,Mapa de centros de costos e indicadores,,,1,1,0,,,,2026-04-08T14:22:57.043Z,,,,2026-04-08T14:22:57.043Z
CP40MOD430,Sistema de soporte técnico en línea,,,1,1,0,,,,2026-04-08T14:22:57.043Z,,,,2026-04-08T14:22:57.043Z
CP40MOD490,Videos para distribuidores,,,1,1,0,,,,2026-04-08T14:22:57.043Z,,,,2026-04-08T14:22:57.043Z
CP40MOD530,ContaPyme móvil,,,1,1,0,,,,2026-04-08T14:22:57.043Z,,,,2026-04-08T14:22:57.043Z
CP40MOD600,Curso técnico,,,1,1,0,,,,2026-04-08T14:22:57.043Z,,,,2026-04-08T14:22:57.043Z
CP40MOD610,Curso Sistema básico,,,1,1,0,,,,2026-04-08T14:22:57.043Z,,,,2026-04-08T14:22:57.043Z
CP40MOD620,Curso NIIF súper fáciles con ContaPyme,,,1,1,0,,,,2026-04-08T14:22:57.043Z,,,,2026-04-08T14:22:57.043Z
CP40MOD650,Documentos electrónicos,,,1,1,0,,,,2026-04-08T14:22:57.043Z,,,,2026-04-08T14:22:57.043Z
CP40MOD660,Planilla integrada de liquidación de aportes (PILA),,Explciación conceptual y práctica sobre PILA,1,1,0,,,,2026-04-08T14:22:57.043Z,,,,2026-04-08T14:22:57.043Z
CP40MOD670,Nómina Plus,,"Conozca nuevas funcionalidades de nómina electrónica!
- Pago y reporte de nómina en planilla
- PILA",1,1,0,,,,2026-04-08T14:22:57.043Z,,,,2026-04-08T14:22:57.043Z
CP40MOD680,Módulo de nómina,,,1,1,0,,,,2026-04-08T14:22:57.043Z,,,,2026-04-08T14:22:57.043Z
CP40MOD690,POS,,,1,1,0,,,,2026-04-08T14:22:57.043Z,,,,2026-04-08T14:22:57.043Z
CP40MOD700,Contabilidad I,,Curso para Misión Escaladores de Contabilidad 1,1,1,0,,,,2026-04-08T14:22:57.043Z,,,,2026-04-08T14:22:57.043Z
CP40MOD710,Contabilidad II,,Curso de Misión escaladores para Contabilidad II,1,1,0,,,,2026-04-08T14:22:57.043Z,,,,2026-04-08T14:22:57.043Z
CP40MOD720,Facturación I,,Curso de Misión escaladores para Facturación I,1,1,0,,,,2026-04-08T14:22:57.043Z,,,,2026-04-08T14:22:57.043Z
CP40MOD730,Gastos,,Curso de Misión escaladores para Gastos,1,1,0,,,,2026-04-08T14:22:57.043Z,,,,2026-04-08T14:22:57.043Z
CP40MOD740,Inventarios Básicos I,,Curso de Misión escaladores para Inventarios básicos I,1,1,0,,,,2026-04-08T14:22:57.043Z,,,,2026-04-08T14:22:57.043Z
CP40MOD745,Inventarios Básicos II,,Cuso de Misión escaladores para Inventarios Básicos II,1,1,0,,,,2026-04-08T14:22:57.043Z,,,,2026-04-08T14:22:57.043Z
CP40MOD750,Operaciones en bloque,,Curso de Misión escaladores para Operaciones en bloque,1,1,0,,,,2026-04-08T14:22:57.043Z,,,,2026-04-08T14:22:57.043Z
CP40MOD800,Pruebas Estructura de Curso,,,1,1,0,,,,2026-04-08T14:22:57.043Z,,,,2026-04-08T14:22:57.043Z
CP40MOD801,Prueba11 Eliminar,,xxx,1,1,0,,,,2026-04-08T14:22:57.043Z,,,,2026-04-08T14:22:57.043Z
CP40MOD900,Cartera I,,Curso de Misión Escaladores para Cartera I,1,1,0,,,,2026-04-08T14:22:57.043Z,,,,2026-04-08T14:22:57.043Z
CP40SEM010,Seminario NIIF súper fáciles,,En este seminario se incluyen videos de la comunidad ContaPyme referentes a las NIIF,2,1,0,,,,2026-04-08T14:22:57.043Z,,,,2026-04-08T14:22:57.043Z
CP40SEM020,Seminario NIIF súper fáciles recargado,,En este seminario recargado se incluyen videos de la comunidad ContaPyme referentes a las NIIF,2,1,0,,,,2026-04-08T14:22:57.043Z,,,,2026-04-08T14:22:57.043Z
CP4CV0617,Capacitación ContaPyme Junio 2017,,,2,1,0,,,,2026-04-08T14:22:57.043Z,,,,2026-04-08T14:22:57.043Z
CP4CV1017,Capacitación virtual manejo de ContaPyme,,En este curso se encuentran los videos de capacitación virtual en manejo de ContaPyme.,2,1,0,,,,2026-04-08T14:22:57.043Z,,,,2026-04-08T14:22:57.043Z
CPCAPNE,Capacitación Nómina y Nómina Electrónica,,"Videos explicativos del nuevo módulo de nómina: Configuraciones, catálogos y operaciones.
Incluye videos de capacitación del manejo de documento de soporte de pago de nómina electrónica.",1,1,0,,,,2026-04-08T14:22:57.043Z,,,,2026-04-08T14:22:57.043Z
CPCAPR8,Capacitación ContaPyme R8,,Vídeos explicativos de diferentes funcionalidades del sistema ContaPyme en el Release 8.,1,1,0,,,,2026-04-08T14:22:57.043Z,,,,2026-04-08T14:22:57.043Z
CPCONC521,Conciliación fiscal formato 2516,,"Aquí podrá encontrar las memorias del curso de conciliación fiscal, formato 2516.",2,1,0,,,,2026-04-08T14:22:57.043Z,,,,2026-04-08T14:22:57.043Z
CPDE621,La mejor guía para aprender sobre documentos electrónicos,,"Tranquilo, aprenda de la mano de expertos todo lo que necesita saber acerca de documentos electrónicos (Factura Electrónica - Documentos Equivalentes - Nómina Electrónica).",2,1,0,,,,2026-04-08T14:22:57.043Z,,,,2026-04-08T14:22:57.043Z
CPDIST2018,Capacitación distribuidor asesor.,,En este curso se incluyen los videos para capacitar distribuidores asesores,2,1,0,,,,2026-04-08T14:22:57.043Z,,,,2026-04-08T14:22:57.043Z
CPDISTCHAR,Charlas para distribuidores,,En este curso se incluyen charlas generales para los distribuidores en formación.,2,1,0,,,,2026-04-08T14:22:57.043Z,,,,2026-04-08T14:22:57.043Z
CPDR721,Declaración de renta para personas naturales,,Principales modificaciones AG 2020 al impuesto de renta a personas naturales residentes no obligadas a llevar contabilidad.,2,1,0,,,,2026-04-08T14:22:57.043Z,,,,2026-04-08T14:22:57.043Z
CPDRJUR22,Declaración de renta para personas jurídicas,,"Principales variaciones del año gravable 2021 al impuesto de renta a personas jurídicas.

Temática:

1. Cuidados y arreglos preliminares.
2. Manejo del patrimonio, ingresos, costos y deducciones.
3. Liquidación de impuesto y anticipo.
4. Beneficio de auditoria, firma, presentación y pago.
5. Conciliación fiscal y herramientas de ayuda. 
6. Liquidación de sanciones.",2,1,0,,,,2026-04-08T14:22:57.043Z,,,,2026-04-08T14:22:57.043Z
CPDRJUR23,Curso virtual: Declaración de renta para personas jurídicas AG 2022,,"Temática:

1- Principales diferencias entre ingresos-gastos-costos en el ámbito contable y tributario.
2- Renta por comparación patrimonial.
3- Subcapitalización.
4- Aspectos importantes en el patrimonio bruto.
5- Aspectos importantes en el pasivo.
6- Ganancias ocasionales.
7- Planeación tributaria.
8- Descuentos tributarios.
9- Deducciones especiales y deducciones por ficción de ley.
10- Donaciones.",2,1,0,,,,2026-04-08T14:22:57.043Z,,,,2026-04-08T14:22:57.043Z
CPDSNO2022,Guía para aprender de documento soporte en compras a no obligados a emitir factura electrónica,,"Documento soporte en adquisiciones a sujetos no obligados a expedir factura de venta o documento equivalente.

Temática:

1. ¿Para qué sirve y por qué se debe implementar?
2. Diferencias entre documento soporte y documento equivalente.
3. Conceptos clave de la estructura del documento soporte.
4. ¿Quiénes están obligados a emitir este documento?
5. Fechas de implementación.",2,1,0,,,,2026-04-08T14:22:57.043Z,,,,2026-04-08T14:22:57.043Z
CPFEF1,Configuración en modo habilitación y producción F1 - ContaPyme®,,En esta guía se indican todos los pasos a seguir para realizar la habilitación y paso a producción de facturación electrónica en validación previa con el proveedor tecnológico Factura 1.,2,1,0,,,,2026-04-08T14:22:57.043Z,,,,2026-04-08T14:22:57.043Z
CPFETFHKA,Configuración en modo habilitación y producción TF HKA - ContaPyme®,,En esta guía se indican todos los pasos a seguir para realizar la habilitación y paso a producción de facturación electrónica en validación previa con el proveedor tecnológico The Factory HKA.,2,1,0,,,,2026-04-08T14:22:57.043Z,,,,2026-04-08T14:22:57.043Z
CPFORM2516,Formato 2516 - Reporte de Conciliación Fiscal,,"Temática:

1. Cómo generar el formato 2516 con ContaPyme®
2. Adecuación del sistema ContaPyme®.
3. Marco normativo.
4. ¿Quiénes están obligados a informar?.
5. Caso práctico.",2,1,0,,,,2026-04-08T14:22:57.043Z,,,,2026-04-08T14:22:57.043Z
CPNE1,Nómina en ContaPyme®,,"Nómina LITE de ContaPyme® 

Módulo de Nómina ContaPyme®: Guía de implementación.

1. Actualice su sistema, hagámoslo juntos.

2. Aprenda como registrar y activar su licencia de Nómina en ContaPyme®.

3. Implemente Nómina Electrónica con el apoyo de nuestros expertos.

4. Aprenda como realizar la activación de NE en ContaPyme®.

5. Conozca como debe parametrizar el sistema.

5. Comprenda cómo realizar el registro inicial.",2,1,0,,,,2026-04-08T14:22:57.043Z,,,,2026-04-08T14:22:57.043Z
CPNE1021,ABC de Nómina Electrónica para Pymes.,,"Descubra una solución ideal, Nómina LITE de ContaPyme®

1. Conozca los conceptos básicos para la generación de su nómina electrónica.

2. ¿Si actualmente llevo nómina contable, puedo generar nómina electrónica?  Comprenda las principales diferencias y cómo prepararse.

3. Descubra, nuestra solución de Nómina LITE: Pensada en usted automática, personalizable y fácil de usar.

4. ¡Responderemos sus dudas en vivo!",2,1,0,,,,2026-04-08T14:22:57.043Z,,,,2026-04-08T14:22:57.043Z
CPNE421,¿Cómo me preparo para la nómina electrónica?,,Aquí encontrará las memorias del curso virtual gratuito ¿Cómo me preparo para la nómina electrónica?,2,1,0,,,,2026-04-08T14:22:57.043Z,,,,2026-04-08T14:22:57.043Z
CPNE521,Conceptos de Nómina y  Nómina Electrónica.,,Aquí podrá acceder a las memorias deel curso virtual Conceptos de Nómina Electrónica más fácil más simple.,2,1,0,,,,2026-04-08T14:22:57.043Z,,,,2026-04-08T14:22:57.043Z
CPNE821,Todo lo que debe saber sobre Nómina Electrónica,,"1. ¿Cuándo debo iniciar Nómina Electrónica?
 
2. ¿Cuáles son los documentos de Nómina Electrónica?

3. ¿Estoy obligado a generar Nómina Electrónica?

4. Cambios en la resolución.

5. Calendarios y mucho más...",2,1,0,,,,2026-04-08T14:22:57.043Z,,,,2026-04-08T14:22:57.043Z
CURSO001,Curso Demo,,Descripción,,1,0,35,,181.143.252.154,2026-04-08T15:15:20.781Z,35,,181.143.252.154,2026-04-08T15:15:20.781Z
CURSOSFE,Recursos de ayuda para facturaión electrónica,,En este curso encontrará los procesos de configuración de facturación electrónica y solución a muchos de sus errores,2,1,0,,,,2026-04-08T14:22:57.043Z,,,,2026-04-08T14:22:57.043Z
CURSOTEST,Curso Updated,,,4,0,0,35,,191.95.147.34,2026-04-18T07:07:54.371Z,35,,127.0.0.1,2026-05-03T08:43:39.683Z
CURSOTEST_1,Curso Prueba CURSOTEST_1,,Desc — POST mínimo (catálogos anidados eliminados del API),200,1,0,35,,127.0.0.1,2026-05-03T08:43:47.073Z,35,,127.0.0.1,2026-05-03T08:43:47.073Z
CURSOTEST_2,Curso Prueba CURSOTEST_2,,Desc — POST mínimo (catálogos anidados eliminados del API),200,1,0,35,,127.0.0.1,2026-05-03T08:43:50.638Z,35,,127.0.0.1,2026-05-03T08:43:50.638Z
CURSOTEST_3,Curso Prueba CURSOTEST_3,,Desc — POST mínimo (catálogos anidados eliminados del API),200,1,0,35,,127.0.0.1,2026-05-03T08:43:54.195Z,35,,127.0.0.1,2026-05-03T08:43:54.195Z
CVMCPC,Capacitación Virtual Manejo de ContaPyme - Comercial,,En este curso se encuentran los videos de capacitación virtual en manejo de ContaPyme.,2,1,0,,,,2026-04-08T14:22:57.043Z,,,,2026-04-08T14:22:57.043Z
CVMCPN,Capacitación Virtual Manejo de ContaPyme - Nómina,,En este curso se encuentran los videos de capacitación virtual en manejo de ContaPyme.,2,1,0,,,,2026-04-08T14:22:57.043Z,,,,2026-04-08T14:22:57.043Z
DEAE0925,Curso Virtual : De emprendedor a empresario: Aprende a ponerle precio a tus productos,,"Temática de la sesión :

1- Identificación de costos
- Diferencia entre costos fijos, variables y gastos.
- Importancia de conocer la estructura de costos del negocio.
- Ejemplo aplicado de cálculo de costos en un producto o servicio.

2- Estrategias de fijación de precios
- Métodos más utilizados, punto de equilibrio
- Cómo definir el margen de utilidad adecuado.
- Errores frecuentes de los emprendedores al poner precios.

3- Aplicación práctica
- Ejemplo guiado de determinación de precio a partir de un caso sencillo.
- Recomendaciones para ajustar precios con el tiempo.
- Preguntas y respuestas con los participantes.",2,1,0,,,,2026-04-08T14:22:57.043Z,,,,2026-04-08T14:22:57.043Z
DEVSDIAN,Curso Virtual: Documentos Electrónicos: Visitas y Sanciones DIAN 2025,,"Temática de la sesión:

1-Errores frecuentes en documentos electrónicos.
2-Régimen sancionatorio de documentos electrónicos.
3-Tips para atención de la visita DIAN en documentos electrónicos. .
4-Verificaciones en cierre e inicio de año en documentos electrónicos.
5-Hazlo fácil con ContaPyme.
6- Solución de dudas en vivo",2,1,0,,,,2026-04-08T14:22:57.043Z,,,,2026-04-08T14:22:57.043Z
DISTCOM001,Competencias comerciales para distribuidores,,,2,1,0,,,,2026-04-08T14:22:57.043Z,,,,2026-04-08T14:22:57.043Z
DISTNE,CAPACITACIÓN MÓDULO DE NÓMINA,,Descripción general del módulo de nómina.,2,1,0,,,,2026-04-08T14:22:57.043Z,,,,2026-04-08T14:22:57.043Z
DOCE210126,Curso virtual: Documentos Electrónicos 2026,,"+Facturación Electrónica y sus Satélites

+El Universo de Documentos Equivalentes

+Gestión de Nómina y Documentos de Soporte

+Acuses de Recibo y Título Valor

+Metodología de Auditoría y Control",2,1,0,,,,2026-04-08T14:22:57.043Z,,,,2026-04-08T14:22:57.043Z
DOCSOPNO22,Documento soporte a no obligados a facturar en ContaPyme®,,"Temática:

1- Conceptos básicos.
2- Pasos previos antes de configurarlo.
3- Configuración documento de soporte en ContaPyme®.
4- Emitir documento de soporte y nota de ajuste.",2,1,0,,,,2026-04-08T14:22:57.043Z,,,,2026-04-08T14:22:57.043Z
DRENPNAT22,Declaración de renta para personas naturales AG 2021,,"Temática:

1- Contexto de las leyes aplicables para elaborar las declaraciones de renta.
2- Sujetos pasivos del impuesto de renta.
3- Topes y vencimientos.
4- Estructura Formulario 210.
5- Depuración cédula general.
6- Renta presuntiva.
7- Cédula de pensiones.
8- Tarifas.
9- Dividendos y participaciones.
10- Ganancias ocasionales.
11- Anticipo de renta.",2,1,0,,,,2026-04-08T14:22:57.043Z,,,,2026-04-08T14:22:57.043Z
DRPJ,Curso virtual: Declaración de renta para personas Jurídicas,,"Temática de la sesión:

1-Patrimonio bruto y deudas aspectos a tener en cuenta
2-Comparación patrimonial
3-Ingresos
4-Costos y deducciones
5-Bancarización
6-Subcapitalización
7-Beneficios tributarios
8-Beneficio de auditoría y firmeza de la declaración
9-Anticipo de impuesto de renta
10-Tasa Mínima de tributación
11-Herramientas tecnológicas para la declaración de renta.
12-Solución de preguntas en vivo.
",2,1,0,,,,2026-04-08T14:22:57.043Z,,,,2026-04-08T14:22:57.043Z
DRPN,Curso virtual: Declaración de renta personas naturales,,,2,1,0,,,,2026-04-08T14:22:57.043Z,,,,2026-04-08T14:22:57.043Z
DRPN-AG22,Curso virtual: Declaración de renta personas naturales AG 2022,,"Temática:

- Que es el Impuesto de Renta, importancia y marco normativo.
- Claves para identificar si debo presentar la Declaración de Renta.
- Clasificación de las rentas cedulares.
- Quienes están Obligados y no Obligados a llevar contabilidad.
- Aspectos claves para depurar la declaración de renta.
- Check list de documentos básicos para elaborar la declaración de renta.
- Recomendaciones y consejos finales.",2,1,0,,,,2026-04-08T14:22:57.043Z,,,,2026-04-08T14:22:57.043Z
DRPN-AG23,Curso virtual: Declaración de renta personas naturales AG 2023,,"Temática:

1. Ganancias Ocasionales: Ventas de activos fijos; Herencias y donaciones; Porción conyugal.
2. Dividendos no gravados y gravados: Antes del 2016; Después del 2016.
3. Pensiones.
4. Generalidades cédula general: Residentes; No residentes; Presunción de ingresos por consignaciones.
5. Rentas no laborales: Ventas activos fijos menores a 2 años; Gananciales; Otros ingresos.
6. Rentas de capital: Rendimientos financieros con beneficio y sin beneficio; Retiros fondos de pensiones sin cumplimiento requisitos; Costos y gastos aceptables.
7. Rentas de trabajo: Contratos de trabajo (dependientes); Independientes.",2,1,0,,,,2026-04-08T14:22:57.043Z,,,,2026-04-08T14:22:57.043Z
DRPN-BENEF,Curso virtual Declaración de Renta: Maximiza tus beneficios tributarios,,"Temática:

1. Auditoría al RUT.
2. Obligaciones subyacentes a la renta.
3. Cambios en la regeneración de la clave de la DIAN y firma electrónica.
4. Deducción por compras con factura electrónica.
5. Nuevos beneficios tributarios para el AG 2023.
6. Dominio del portal DIAN y declaración sugerida.
7. Solución de preguntas en vivo.",2,1,0,,,,2026-04-08T14:22:57.043Z,,,,2026-04-08T14:22:57.043Z
DRPN-CASOS,Curso virtual Declaración de Renta Personas Naturales: Casos Prácticos,,"Temática:

1- ¿Cómo identificar los 4 atributos de las personas naturales?
2- ¿Cómo determinar la residencia fiscal?
3- ¿Cómo determinar la obligación de presentar declaración?
4- ¿20 casos prácticos en la depuración de la declaración de una persona natural residente?
5- Herramientas tecnológicas para hacerlo fácil.
6- Solución de preguntas en vivo.",2,1,0,,,,2026-04-08T14:22:57.043Z,,,,2026-04-08T14:22:57.043Z
DSNO2022,Capacitación: Documento soporte a no obligados a facturar,,"Conozca su definición, quienes deben generarlo y la diferencia con el servicio de recepción de facturas de compra y eventos electrónicos. Comprenda el proceso a realizar dentro del portal DIAN para implementarlo y su configuración dentro del software ContaPyme®. Visualice mediante ejemplos prácticos cómo se genera este documento y su nota de ajuste.",1,1,0,,,,2026-04-08T14:22:57.043Z,,,,2026-04-08T14:22:57.043Z
EDCES,Curso Virtual : Exógena 2025: Domina los Cambios y Evita Sanciones,,"Sesiòn 1: Exógena 2025: Domina los Cambios y Evita Sanciones - Joe Perez

Sesiòn 2: Exógena 2025: Domina los Cambios y Evita Sanciones - Ivan Jimenes
",2,1,0,,,,2026-04-08T14:22:57.043Z,,,,2026-04-08T14:22:57.043Z
EMPRE-2023,Curso virtual: ¿Cómo asesorar el proceso de creación de empresas en Colombia?,,"Temática:

1- Diferencias entre llevar adelante un negocio en calidad de persona natural comerciante y sociedad comercial.
2- Ventajas de crear sociedades comerciales para llevar adelante una idea de negocio.
3- Paso a paso y los beneficios de crear una SAS (Sociedad por Acciones Simplificada) en Colombia.
4- Ejemplo práctico de creación de empresa.",2,1,0,,,,2026-04-08T14:22:57.043Z,,,,2026-04-08T14:22:57.043Z
EXO-AG2023,Curso virtual: ¿Cómo presentar tu información exógena? AG 2023,,"Temática:

1. ¿Información exógena o Medios magnéticos?
2. ¿Cómo detectar si tu cliente está obligado a presentarla?
3. ¿Qué pre-validadores debo usar?
4. ¿Qué formatos cambiaron de versión?
5. Sanciones por no presentarla.
6. Responsables de su envío a la DIAN.
7. ¿Qué conciliaciones debo hacer para presentarla correctamente?
8. Demostración en ContaPyme®.",2,1,0,,,,2026-04-08T14:22:57.043Z,,,,2026-04-08T14:22:57.043Z
EXÓ2022,¿Cómo presentar su información exógena,,"Sesión 1: Miércoles 16 de Marzo

    • Información exógena para la DIAN en medios electrónicos.
    • Consistencia fiscal de la información contable, estados financieros, declaraciones tributarias en la preparación de la información en medios digitales.
    • Casos prácticos.
    • Procedimiento y jurisprudencia relacionados con el reporte de información en medios electrónicos.
    • Aseguramiento de todo lo relacionado con el envío de información en medios electrónicos.
    • Régimen sancionatorio.

Sesión 2: Jueves 17 de Marzo

    • Demostración en ContaPyme®.
    • Solución de preguntas en vivo.",2,1,0,,,,2026-04-08T14:22:57.043Z,,,,2026-04-08T14:22:57.043Z
EXOAG22,¿Cómo presentar su información exógena? AG 2022,,"Comprenda como presentar su información exógena (año gravable 2022 a presentar en el 2023), desde la generación de informes hasta su reporte a la DIAN.",2,1,0,,,,2026-04-08T14:22:57.043Z,,,,2026-04-08T14:22:57.043Z
EXOG2022,¿Cómo presentar su información exógena? 2022,,"Sesión 1: Miércoles 16 de Marzo

    • Información exógena para la DIAN en medios electrónicos.
    • Consistencia fiscal de la información contable, estados financieros, declaraciones tributarias en la preparación de la información en medios digitales.
    • Casos prácticos.
    • Procedimiento y jurisprudencia relacionados con el reporte de información en medios electrónicos.
    • Aseguramiento de todo lo relacionado con el envío de información en medios electrónicos.
    • Régimen sancionatorio.

Sesión 2: Jueves 17 de Marzo

    • Demostración en ContaPyme®.
    • Solución de preguntas en vivo.",2,1,0,,,,2026-04-08T14:22:57.043Z,,,,2026-04-08T14:22:57.043Z
FACELE,Facturación Electrónica,,"Vídeos explicativos de configuración y manejo de facturación electrónica:
Conceptos y normatividad.
Operaciones del módulo de automatización de documentos.
Operaciones del módulo de inventarios y facturación.
Configuraciones con los diferentes proveedores tecnológicos aliados.",1,1,0,,,,2026-04-08T14:22:57.043Z,,,,2026-04-08T14:22:57.043Z
FACTELEC,Facturación electrónica con ContaPyme®,,En este curso se incluyen los videos que se han dictado de la comunidad ContaPyme® sobre facturación electrónica.,2,1,0,,,,2026-04-08T14:22:57.043Z,,,,2026-04-08T14:22:57.043Z
FE-POS-24,Curso virtual: Facturación Electrónica para POS,,"Temática:

1. Origen y alcance de la Resolución 165.
2. Facturación electrónica actual vs. Resolución 165.
3. Diferencias entre facturación electrónica y POS.
4. Beneficios para mi negocio.
5. ¿Cuándo debo iniciar?
6. Cambios en la forma de facturar.
7. Obligaciones y responsabilidades.
8. Alternativas para implementarla.",2,1,0,,,,2026-04-08T14:22:57.043Z,,,,2026-04-08T14:22:57.043Z
FEPCE1025,"Curso Virtual : Facturación Electrónica, para contadores y empresarios",,"Temática de la sesión :

- Evita sanciones conociendo las últimas exigencias de la DIAN.
- Agiliza la contabilidad de tus clientes y optimiza tus procesos.
- Ofrece un servicio más completo y competitivo en el mercado.
- Solución de dudas",2,1,0,,,,2026-04-08T14:22:57.043Z,,,,2026-04-08T14:22:57.043Z
FORBASCOM,Curso formación aspectos básicos comerciales,,En este curso se incluyen videos que permiten la formación de distribuidores y asesores de InSoft en aspectos básicos de menejo comercial.,2,1,0,,,,2026-04-08T14:22:57.043Z,,,,2026-04-08T14:22:57.043Z
GESTTELE01,Gestión telefónica,,,2,1,0,,,,2026-04-08T14:22:57.043Z,,,,2026-04-08T14:22:57.043Z
HAB-FE-23,Proceso de habilitación para Facturación Electrónica,,"En este espacio encontrará videos explicativos en los procesos de:

- Generación del set de pruebas ante la DIAN.
- Solicitar resolución de facturación electrónica ante la DIAN.
- Configuración en ContaPyme®.
- Asociar prefijo para resolución de facturación electrónica DIAN.",1,1,0,,,,2026-04-08T14:22:57.043Z,,,,2026-04-08T14:22:57.043Z
INDFIN2022,Indicadores Financieros para Pymes,,"Temática:

1- Proceso administrativo de una Pyme.
2- Planeación estratégica: Objetivos e indicadores.
3- KPI`s Financieros: Fuentes de información.
4- Visión estratégica del negocio desde la contabilidad.
5- Reflexiones finales.
6- ¿Cómo se hace en ContaPyme?
7- Solución de preguntas.",2,1,0,,,,2026-04-08T14:22:57.043Z,,,,2026-04-08T14:22:57.043Z
INFEXOCP22,Generación de Información Exógena AG 2021,,"(Año gravable 2021 a presentar en el 2022)

Amplíe sus conocimientos relacionados con:

1) Conceptos generales
- Normatividad.
- Obligados a informar.
- Conceptos y cuantías a informar.

2) ¿Cómo generar Información Exógena con ContaPyme®?
- Catálogo de terceros.
- Catálogo de Medios Magnéticos – Formatos DIAN.

3) Caso práctico",2,1,0,,,,2026-04-08T14:22:57.043Z,,,,2026-04-08T14:22:57.043Z
ING01,Curso Ingenieria,,Capacitiaciones ingenieria,2,1,0,,,,2026-04-08T14:22:57.043Z,,,,2026-04-08T14:22:57.043Z
MEMSEM1,Memorias Semana 1 Jornada de capacitación en manejo de ContaPyme,,,2,1,0,,,,2026-04-08T14:22:57.043Z,,,,2026-04-08T14:22:57.043Z
MIESCA,Misión Escaladores,,Listado de videos para capacitarse y certificarse para la Misión Escaladores.,1,1,0,,,,2026-04-08T14:22:57.043Z,,,,2026-04-08T14:22:57.043Z
MIGRADORR8,Videos de capacitación sobre migración a R8,,,2,1,0,,,,2026-04-08T14:22:57.043Z,,,,2026-04-08T14:22:57.043Z
NIIF-2023,NIIF para Pymes: Fundamentos e implementación,,"Temática de la sesión:

1- Fundamentos de las NIIF.
2- Primeros pasos para la implementación de las NIIF.
3- Grupos de implementación NIIF en Colombia.
4- Exigencia normativa para las microempresas.
5- La forma más fácil de implementarlas en mi empresa.
6- Beneficios profesionales de saber implementarlas.
7- NIIF VS Impuestos.",2,1,0,,,,2026-04-08T14:22:57.043Z,,,,2026-04-08T14:22:57.043Z
NRT191125,Curso virtual: Nueva Reforma Tributaria,,"Temática:

1- Los 20 cambios que impactan tu empresa
2- Estrategias para la Normalización Tributaria
3- Cómo reducir sanciones hasta un 85%",2,1,0,,,,2026-04-08T14:22:57.043Z,,,,2026-04-08T14:22:57.043Z
NUEVOCPR8,Nuevo ContaPyme® R8,,Conozca las nuevas funcionalidades del nuevo ContaPyme R8.,2,1,0,,,,2026-04-08T14:22:57.043Z,,,,2026-04-08T14:22:57.043Z
POS-FE-23,Curso virtual: Facturación POS 2023,,"Temática:

1- Explicación de la Resolución 001092 del 01 de julio de 2022 para facturación POS.
2- Implementación en ContaPyme®.
3- Proceso de habilitación en Facturación Electrónica ante la DIAN.
4- Explicación conceptual del proceso de Facturación Electrónica.
5- Ejemplos de Facturación Electrónica.",2,1,0,,,,2026-04-08T14:22:57.043Z,,,,2026-04-08T14:22:57.043Z
PREPNE2022,¿Está listo para el reporte de Nómina Electrónica?,,"Estos fueron los principales temas tratados:

1) Objetivo (Énfasis Doctrinal)
2) Devengos
3) Deducciones
4) Explicación de Pagos a Terceros
5) Pagos No Reportables
6) Régimen Sancionatorio
7) Errores más Frecuentes
8) Responsabilidad del Reporte
9) Plazo Empleadores con menos de 10 Empleados",2,1,0,,,,2026-04-08T14:22:57.043Z,,,,2026-04-08T14:22:57.043Z
PRESCOM-NE,Demostración Nómina Plus de ContaPyme,,"Descubra el funcionamiento del módulo de Nómina Plus, en el cual podrá optimizar la gestión de la nómina a través de pagos de nómina en planilla. Realice rápidamente los reportes de Nómina Electrónica para cumplir con todos los requerimientos DIAN y pague fácilmente los aportes de seguridad social con la planilla PILA. Además, conozca los diferentes informes y exploradores del módulo que le permitirán auditar y controlar la información de su nómina.",2,1,0,,,,2026-04-08T14:22:57.043Z,,,,2026-04-08T14:22:57.043Z
PRESCOM22,Demostración software ContaPyme®,,En este espacio virtual daremos a conocer las múltiples funcionalidades y herramientas que ofrece el software ContaPyme® y las cuales ponemos a su disposición con el objetivo de facilitar la gestión de todos los recursos con los que cuenta su empresa.,2,1,0,,,,2026-04-08T14:22:57.043Z,,,,2026-04-08T14:22:57.043Z
PRESCOMAW,Demostración en vivo AgroWin,,Regálese unos minutos y conozca porqué más de 3.000 usuarios lo califican como el mejor ERP para el agro de Latinoamérica,2,1,0,,,,2026-04-08T14:22:57.043Z,,,,2026-04-08T14:22:57.043Z
PRESCOMCP,Demostración ContaPyme®,,"En este video se enseñan las características, ventajas y funciones del software ContaPyme®.",3,1,0,,,,2026-04-08T14:22:57.043Z,,,,2026-04-08T14:22:57.043Z
PRIMA0623,Curso virtual: Cálculo de prima,,"Temática:

1- Contratos laborales y pago de prima de servicios.
2- Concepto general de la prima de servicios.
3- Cómo liquidar la prima de servicios de junio del 2023.
4- Novedades en la nómina que afectan la prima de servicios.
5- Conceptos de la nómina que no afectan la prima de servicios.
6- La prima de servicios como pago no salarial.
7- ¿Como se hace en ContaPyme?",2,1,0,,,,2026-04-08T14:22:57.043Z,,,,2026-04-08T14:22:57.043Z
PRIPASDEMO,Primeros pasos con ContaPyme®,,En este curso se enseñan los primeros pasos a realizar para iniciar la experiencia con la versión demostrativa de ContaPyme.,2,1,0,,,,2026-04-08T14:22:57.043Z,,,,2026-04-08T14:22:57.043Z
PRU-ESTRU,Prueba Estructura del curso,,,1,1,0,,,,2026-04-08T14:22:57.043Z,,,,2026-04-08T14:22:57.043Z
PRUEBA,Prueba (Eliminar),,,2,1,0,,,,2026-04-08T14:22:57.043Z,,,,2026-04-08T14:22:57.043Z
PRUEBASVID,Prueba videos ENVIVO,,Prueba videos.,2,1,0,,,,2026-04-08T14:22:57.043Z,,,,2026-04-08T14:22:57.043Z
PTOV-POS23,Guía práctica para iniciar y llevar tu punto de venta al éxito,,"Experto: Alejandro Gil Llano
Especialista en producto de ContaPyme®

Temática:

- Conozca todas las configuraciones y el manejo comercial que le puede dar a su punto de venta con ContaPyme®.
- Proceso de habilitación en Facturación Electrónica con Cadena.",2,1,0,,,,2026-04-08T14:22:57.043Z,,,,2026-04-08T14:22:57.043Z
READM,Ruta especializada administrativa,,Listado de videos para capacitarse y certificarse en todas las herramientas administrativas de ContaPyme.,1,1,0,,,,2026-04-08T14:22:57.043Z,,,,2026-04-08T14:22:57.043Z
REAL-DE822,Realidad de los documentos electrónicos,,"Temática:

1. Recepción de documentos electrónicos:

-Conceptos básicos de facturas como título valor. 
-Resolución 00085 de abril de 2022. 
-¿Quiénes lo deben implementar? 
-¿Cuándo debo implementarlas? 
 
 2. Documento soporte en compras a no obligados a emitir factura electrónica:

-¿Para qué sirve y por qué se debe implementar? 
-Diferencias entre doc. soporte y doc. equivalente. 
-Conceptos clave de su estructura. 
-¿Quiénes están obligados a emitir este documento? 
-Fechas de implementación.",2,1,0,,,,2026-04-08T14:22:57.043Z,,,,2026-04-08T14:22:57.043Z
REC-DOC-22,Capacitación: Recepción de documentos en ContaPyme®,,Comprenda los conceptos básicos de facturas electrónicas de venta como título valor y el manejo correcto de la recepción de documentos electrónicos (Resolución 00085 de abril de 2022). Aprenda el proceso a realizar dentro del portal DIAN para implementar este servicio y sus configuraciones dentro del software ContaPyme®.,1,1,0,,,,2026-04-08T14:22:57.043Z,,,,2026-04-08T14:22:57.043Z
RECART,Ruta especializada cartera,,Listado de videos para capacitarse y certificarse en todas las herramientas de cartera de ContaPyme.,1,1,0,,,,2026-04-08T14:22:57.043Z,,,,2026-04-08T14:22:57.043Z
RECDOCCP22,Recepción de Documentos en ContaPyme®,,"Temática:

1- Aprenda cómo realizar la recepción de documentos electrónicos en ContaPyme®.
2- Conozca los conceptos básicos para el manejo correcto de recepción de documentos electrónicos y las configuraciones de automatización en ContaPyme®.
3- Solución de dudas en vivo.",2,1,0,,,,2026-04-08T14:22:57.043Z,,,,2026-04-08T14:22:57.043Z
RECEPDOC22,Factura electrónica de venta como título valor,,"Temática: 

1- Conceptos básicos de facturas electrónicas como título valor.
2- Resolución 00085 de abril de 2022.
3- ¿Quiénes lo deben implementar?
4- ¿Cuándo debo implementar las facturas título valor?
5- Aclaraciones y varios.",2,1,0,,,,2026-04-08T14:22:57.043Z,,,,2026-04-08T14:22:57.043Z
RECONT,Ruta especializada contabilidad,,Listado de videos para capacitarse y certificarse en todas las herramientas de contabilidad de ContaPyme.,1,1,0,,,,2026-04-08T14:22:57.043Z,,,,2026-04-08T14:22:57.043Z
REDEL,Ruta especializada documentos electrónicos,,Listado de videos para capacitarse y certificarse en  todas las herramientas de documentos electrónicos de ContaPyme.,1,1,0,,,,2026-04-08T14:22:57.043Z,,,,2026-04-08T14:22:57.043Z
REDES,Ruta especializada para desarrolladores,,Listado de videos para capacitarse y certificarse en todas las herramientas de desarrollo de ContaPyme.,1,1,0,,,,2026-04-08T14:22:57.043Z,,,,2026-04-08T14:22:57.043Z
REFOTRIB22,Lo que cambia con la Reforma Tributaria 2022,,"Temática:

1. Cambios en la tributación de personas naturales.
2. Cambios en la tributación de personas jurídicas.
3. Impuesto al patrimonio.
4. Normas de procedimiento tributario.",2,1,0,,,,2026-04-08T14:22:57.043Z,,,,2026-04-08T14:22:57.043Z
REFOTRIB24,Curso virtual: Reforma tributaria 2024,,"Temática de la sesión: 
1. ¿Qué se espera de la nueva reforma tributaria? 
2. Cambios en personas naturales. 
3. Cambios en personas jurídicas. 
4.Cambios en procedimiento tributario. 
5. Solución de preguntas en vivo.",2,1,0,,,,2026-04-08T14:22:57.043Z,,,,2026-04-08T14:22:57.043Z
REINV,Ruta especializada inventarios,,Listado de videos para capacitarse y certificarse en todas las herramientas de inventarios de ContaPyme.,1,1,0,,,,2026-04-08T14:22:57.043Z,,,,2026-04-08T14:22:57.043Z
RENTA-AG22,Declaración de renta: Resolvemos tus dudas con expertos en vivo,,"Solución de dudas relacionadas con:

1- Ganancias ocasionales.
2- Generalidades de la dédula general.
3- Rentas no laborales
4- Renta de capital.
5- Rentas de trabajo.
6- Dividendos gravados y no gravados. 
7- Pensiones.
8- Sucesiones ilíquidas.",2,1,0,,,,2026-04-08T14:22:57.043Z,,,,2026-04-08T14:22:57.043Z
RES-165,Curso virtual Resolución 165: Claves sobre Documentos Electrónicos,,"Temática:

1. ¿Qué es un documento electrónico?
2. Tipos de documentos electrónicos.
3. ¿Qué se entiende por documento electrónico?
4. Resolución 165 de 2023.
5. Grupos de empresas y fechas de aplicación.
6. Responsabilidad de las empresas, gerentes y contadores públicos.
7. Sanciones y consecuencias legales por el no cumplimiento.
8. ¿Cómo adaptarse a los cambios de la resolución 165?
9. Facturación POS en ContaPyme.",2,1,0,,,,2026-04-08T14:22:57.043Z,,,,2026-04-08T14:22:57.043Z
RETEC,Ruta especializada técnica,,Listado de videos para capacitarse y certificarse en todas las herramientas técnicas de ContaPyme.,1,1,0,,,,2026-04-08T14:22:57.043Z,,,,2026-04-08T14:22:57.043Z
RL2025,Curso Virtual : Reforma Laboral 2025: Todo lo que debes saber,,"Sesión 1: Reforma Laboral 2025: Todo lo que debes saber

Sesión 2: Reforma Laboral 2025: Todo lo que debes saber",2,1,0,,,,2026-04-08T14:22:57.043Z,,,,2026-04-08T14:22:57.043Z
RLSM120226,Curso virtual: Estrategias prácticas para proteger tu empresa: Reforma Laboral y Salario Mínimo,,"Temática de la sesión:

- FLEXIBILIZACIÓN LABORAL: Las modalidades flexibles que reducen costos  

- INSPECCIONES DEL MINTRABAJO: Qué documentos revisan, cómo prepararte, y cómo evitar sanciones millonarias   

- SESIÓN DE PREGUNTAS EN VIVO: Trae tus dudas específicas y obtén respuestas personalizadas de los expertos   ",2,1,0,,,,2026-04-08T14:22:57.043Z,,,,2026-04-08T14:22:57.043Z
RLYPCAE,"Curso Virtual: Reforma Laboral y pensional, cambios que afectan a tu empresa",,"Temática de la sesión:
¿Cómo se tramita una ley en Colombia?
• ¿Qué es una ley? Fases del trámite legislativo: comisiones, plenarias, sanción
• Estado actual de la reforma laboral
• Diferencia entre ley ordinaria y reforma constitucional
• Plazos aproximados y lo que puede frenar una ley

ABC de la reforma laboral (2025)
• ¿Qué es una ley? Fases del trámite legislativo: comisiones, plenarias, sanción
• Estado actual de la reforma laboral
• Diferencia entre ley ordinaria y reforma constitucional
• Plazos aproximados y lo que puede frenar una ley

ABC de la reforma pensional (vigencia desde julio 2025)
• Justificación de la reforma
• Sistema de pilares: solidario, contributivo, voluntario
• Cambios para trabajadores formales, informales e independientes
• ¿Por qué se unifican Colpensiones y fondos privados?
• ¿Qué pasa con quienes ya cotizaron?
• El umbral de cotización (2.3 SMMLV) y su efecto
• ¿Cómo se calculan las nuevas pensiones? – Impacto en jóvenes, mujeres y trabajadores informales

-Solución de dudas en vivo
Aclara tus dudas en vivo con nuestros expertos.
",2,1,0,,,,2026-04-08T14:22:57.043Z,,,,2026-04-08T14:22:57.043Z
SE281025,Curso Virtual : Sostenibilidad Empresarial,,"Temática de la sesión :

- Genera Ingresos como un experto en Normas ESG (Ambientales, Sociales y de Gobernanza)

- Blindas a tus clientes con gestión de riesgos y gobierno corporativo.

- Mejoras la liquidez convirtiendo la sostenibilidad en ventaja competitiva.",2,1,0,,,,2026-04-08T14:22:57.043Z,,,,2026-04-08T14:22:57.043Z
SEER1025,Curso Virtual : Sostenibilidad Empresarial: Evita Riesgos,,,2,1,0,,,,2026-04-08T14:22:57.043Z,,,,2026-04-08T14:22:57.043Z
SINIVA2021,Manejo de días sin IVA 2021 en ContaPyme®,,"1) Normatividad Días Sin IVA 2021

2) Manejo ContaPyme® Días Sin IVA 2021",2,1,0,,,,2026-04-08T14:22:57.043Z,,,,2026-04-08T14:22:57.043Z
SUMMIT,Prueba,,Pruebas ,2,1,0,,,,2026-04-08T14:22:57.043Z,,,,2026-04-08T14:22:57.043Z
SUMMIT2020,ContaPyme Summit 2020,,Aquí podrá acceder a las memorias del ContaPyme Summit 2020.,2,1,0,,,,2026-04-08T14:22:57.043Z,,,,2026-04-08T14:22:57.043Z
SUMMIT2022,SUMMIT 2022,,"Conferencias de alto nivel:

Día 1: Planeación financiera 2023
Día 2: Reforma tributaria 2022
Día 3: Cierre contable y fiscal 2022",2,1,0,,,,2026-04-08T14:22:57.043Z,,,,2026-04-08T14:22:57.043Z
SUMMIT2024,Summit 2024,,"Sesiòn 1: Cierre de Año Contable y Fìscal. 
Sesiòn 2: Nòmina y Prestaciones Sociales.
Sesiòn 3: Planeaciòn Tributaria.",2,1,0,,,,2026-04-08T14:22:57.043Z,,,,2026-04-08T14:22:57.043Z
SUMMIT2025,Summit 2025,,"Sesiòn 1: Nueva Reforma Tributaria
Sesiòn 2: Actualización NIIF para Pymes
Sesiòn 3: Cierre de año Contable y Fiscal",2,1,0,,,,2026-04-08T14:22:57.043Z,,,,2026-04-08T14:22:57.043Z
TELETRAB,¿Cómo trabajar desde casa con ContaPyme?,,,1,1,0,,,,2026-04-08T14:22:57.043Z,,,,2026-04-08T14:22:57.043Z
TEST9999999,Curso TEST editado,,Editado por populate-real-examples,0,1,0,35,,127.0.0.1,2026-04-27T22:08:41.451Z,35,,191.95.147.37,2026-05-03T11:02:39.908Z
TESTAPRIET,Curso de prueba Aprieto,,Este curso ayuda a aprieto a definir driver de videos y esctruturas,3,1,0,,,,2026-04-08T14:22:57.043Z,,,,2026-04-08T14:22:57.043Z
TMT2024,Curso virtual: Tasa Mínima de Tributación,,"Temática:

1. ¿Quienes están sujetos a la Tasa Mínima de Tributación?
2. ¿Cuál es la Tasa Mínima de Tributación?
3. ¿Cómo se calcula la Tasa Mínima de Tributación?
4. ¿Qué pasa si una empresa no paga la Tasa Mínima de Tributación?
5. ¿Cómo afecta la contabilidad el aplicar la Tasa Mínima de Tributación?",2,1,0,,,,2026-04-08T14:22:57.043Z,,,,2026-04-08T14:22:57.043Z
TRIBUT2022,Actualización Tributaria 2022,,"* Ley 2155 de inversión social del 14 de septiembre de 2021

*Impuesto sobre las ventas e impuesto al consumo INC.

* Medidas para combatir la evasión y el abuso en materia tributaria.

* Beneficios tributarios.",2,1,0,,,,2026-04-08T14:22:57.043Z,,,,2026-04-08T14:22:57.043Z
VPACOMERCI,Videos para perfil Asesor comercial,,Este curso muestra un listado de videos explicativos orientados al manejo que necesita conocer un usuario cuyo perfil sea Asesor comercial,1,1,0,,,,2026-04-08T14:22:57.043Z,,,,2026-04-08T14:22:57.043Z
VPAUXCONTA,Videos para perfil Auxiliar contable,,Este curso muestra un listado de videos explicativos orientados al manejo que necesita conocer un usuario cuyo perfil sea Auxiliar contable,1,1,0,,,,2026-04-08T14:22:57.043Z,,,,2026-04-08T14:22:57.043Z
VPCONTADOR,Videos para perfil Contador,,Este curso muestra un listado de videos explicativos orientados al manejo que necesita conocer un usuario cuyo perfil sea Contador.,1,1,0,,,,2026-04-08T14:22:57.043Z,,,,2026-04-08T14:22:57.043Z
VPFACTURA,Videos para perfil Facturación,,Este curso muestra un listado de videos explicativos orientados al manejo que necesita conocer un usuario cuyo perfil sea Facturación,1,1,0,,,,2026-04-08T14:22:57.043Z,,,,2026-04-08T14:22:57.043Z
VPGCOMERCI,Videos para perfil Gerente comercial,,Este curso muestra un listado de videos explicativos orientados al manejo que necesita conocer un usuario cuyo perfil sea Gerente comercial,1,1,0,,,,2026-04-08T14:22:57.043Z,,,,2026-04-08T14:22:57.043Z
VPJBODEGA,Videos para perfil Jefe de bodega,,Este curso muestra un listado de videos explicativos orientados al manejo que necesita conocer un usuario cuyo perfil sea Jefe de bodega,1,1,0,,,,2026-04-08T14:22:57.043Z,,,,2026-04-08T14:22:57.043Z
VPREVISORF,Videos para perfil Revisor fiscal,,Este curso muestra un listado de videos explicativos orientados al manejo que necesita conocer un usuario cuyo perfil sea Revisor fiscal,1,1,0,,,,2026-04-08T14:22:57.043Z,,,,2026-04-08T14:22:57.043Z
ZZZZZZZZZZ,Curso de prueba PRENDON,,"Este curso es donde ingeniería realiza pruebas no publicar.

Gracias",,1,0,,,,2026-04-08T14:22:57.043Z,,,,2026-04-08T14:22:57.043Z